{"cameraMode":{"drawMode":0,"name":"Shaded","section":"Shading Mode"},"sceneLighting":true,"audioPlay":false,"sceneViewState":{"m_AlwaysRefresh":false,"showFog":true,"showSkybox":true,"showFlares":true,"showImageEffects":true,"showParticleSystems":true,"showVisualEffectGraphs":true,"m_FxEnabled":true},"in2DMode":false,"pivot":{"x":289.5140075683594,"y":245.1671142578125,"z":41.49198913574219},"rotation":{"x":-0.0809115618467331,"y":-0.0018003900768235326,"z":0.00014662307512480766,"w":-0.9967242479324341},"size":251.0536346435547,"orthographic":false}