{"cameraMode":{"drawMode":0,"name":"Shaded","section":"Shading Mode"},"sceneLighting":true,"audioPlay":false,"sceneViewState":{"m_AlwaysRefresh":false,"showFog":true,"showSkybox":true,"showFlares":true,"showImageEffects":true,"showParticleSystems":true,"showVisualEffectGraphs":true,"m_FxEnabled":true},"in2DMode":false,"pivot":{"x":12.08586311340332,"y":0.11864852905273438,"z":2.9430596828460695},"rotation":{"x":0.017553115263581277,"y":0.9787312150001526,"z":-0.18113349378108979,"w":0.0948219895362854},"size":7.8096137046813969,"orthographic":false}