{"cameraMode":{"drawMode":0,"name":"Shaded","section":"Shading Mode"},"sceneLighting":true,"audioPlay":false,"sceneViewState":{"m_AlwaysRefresh":false,"showFog":true,"showSkybox":true,"showFlares":true,"showImageEffects":true,"showParticleSystems":true,"showVisualEffectGraphs":true,"m_FxEnabled":true},"in2DMode":false,"pivot":{"x":0.40892788767814639,"y":-1.0962677001953126,"z":1.5551748275756837},"rotation":{"x":0.009318126365542412,"y":0.9252225756645203,"z":-0.37869516015052798,"w":0.022744588553905488},"size":5.394916534423828,"orthographic":false}