{"cameraMode":{"drawMode":0,"name":"Shaded","section":"Shading Mode"},"sceneLighting":true,"audioPlay":false,"sceneViewState":{"m_AlwaysRefresh":false,"showFog":true,"showSkybox":true,"showFlares":true,"showImageEffects":true,"showParticleSystems":true,"showVisualEffectGraphs":true,"m_FxEnabled":true},"in2DMode":false,"pivot":{"x":4.244316101074219,"y":5.792646408081055,"z":-5.919416427612305},"rotation":{"x":0.0008806501282379031,"y":0.9741160869598389,"z":-0.22602862119674684,"w":0.003796561388298869},"size":11.215116500854493,"orthographic":false}